id,start_time,end_time,awake,deep,light,stages,deleted,manually
1,1514238900,1514268360,1,236,254,35L10D12L16D23L1A7L15D4L25D2L57D15L10D31L31D23L37D28L13D56L10D7L12D11L,0,0
2,1514315040,1514317560,0,32,10,10L32D,0,0
3,1514326380,1514356200,0,224,273,10L36D6L22D12L45D15L21D77L11D7L34D63L18D56L11D14L13D2L13D11L,0,0
4,1514414880,1514443020,1,176,292,27L41D19L50D59L1A7L22D22L10D32L11D45L21D9L11D60L10D12L,0,0
5,1514500200,1514529480,0,233,255,10L20D2L23D2L48D11L29D2L37D44L31D19L11D12L11D21L12D14L11D118L,0,0
6,1514589480,1514619240,0,224,272,30L24D3L20D7L31D6L26D20L27D33L22D10L40D56L12D32L12D17L10D58L,0,0
7,1514675400,1514705880,0,210,298,11L56D8L10D7L50D17L10D27L33D26L12D43L11D26L28D133L,0,0
8,1514766840,1514795580,0,279,200,19L50D26L47D16L14D9L13D3L12D10L16D21L11D11L27D11L12D17L15D4L28D4L24D32L10D17L,0,0
9,1514848320,1514878320,1,309,190,22L16D7L28D9L64D25L11D18L1A6L26D16L21D12L20D2L24D2L15D2L35D25L10D8L25D10L14D26L,0,0
10,1514932980,1514961900,0,203,279,19L15D18L13D2L18D2L25D18L13D51L21D9L10D17L19D6L41D53L16D21L12D63L,0,0
11,1515023580,1515048240,0,194,217,13L30D3L35D23L10D9L10D38L20D6L29D37L11D24L12D13L26D35L11D16L,0,0
12,1515105000,1515135000,0,231,269,33L25D10L58D7L18D19L36D50L23D13L15D25L45D39L11D73L,0,0
13,1515182220,1515224340,108,320,273,15L57D108A10L20D6L16D18L21D2L12D23L18D14L54D2L28D2L20D20L23D13L15D14L12D27L14D7L10D100L,0,0
14,1515282360,1515310980,0,291,186,17L30D12L16D17L72D2L22D2L39D7L63D27L18D30L18D13L13D59L,0,0
15,1515363660,1515393420,0,235,261,27L54D53L70D5L16D35L10D33L18D15L16D22L10D22L41D49L,0,0
16,1515450960,1515479400,0,248,226,10L15D17L11D13L17D7L36D9L16D19L22D11L15D2L33D13L12D2L12D5L20D16L10D17L29D85L,0,0
17,1515534360,1515569760,0,321,269,43L60D9L32D2L17D3L22D16L16D30L21D6L20D17L11D52L64D7L27D43L10D26L21D15L,0,0
18,1515622500,1515651840,0,258,231,10L50D12L11D9L15D25L65D11L17D17L13D12L13D2L15D11L14D6L19D54L13D17L13D45L,0,0
19,1515708600,1515736620,0,225,242,11L66D20L16D9L35D8L17D12L48D33L16D55L10D8L17D86L,0,0
20,1515794100,1515826020,0,233,299,27L10D3L68D23L24D18L21D13L11D65L16D2L53D96L30D52L,0,0
21,1515882840,1515915420,0,365,178,20L44D2L42D3L33D2L20D9L10D17L41D6L11D10L28D16L41D7L10D6L15D3L19D23L17D35L12D6L22D13L,0,0
22,1515946260,1515951540,0,60,28,28L60D,0,0
23,1515970080,1515997620,0,245,214,30L96D2L32D4L18D17L26D7L13D13L15D13L14D5L15D11L16D112L,0,0
24,1516053000,1516084140,0,314,205,19L18D2L21D8L36D11L31D16L28D4L22D2L10D5L11D6L49D51L12D10L14D4L20D29L42D38L,0,0
25,1516141860,1516168620,0,172,274,23L20D10L25D6L36D29L30D17L13D39L22D2L11D6L15D142L,0,0
26,1516230780,1516255080,0,186,219,21L51D2L54D22L10D9L35D46L14D6L22D113L,0,0
27,1516312380,1516338660,0,251,187,10L58D5L10D8L45D2L30D6L12D16L10D7L16D19L16D36L10D8L24D11L20D59L,0,0
28,1516400640,1516432320,1,294,233,10L61D3L84D21L12D21L13D5L40D14L17D23L1A6L20D30L22D10L12D73L13D17L,0,0
29,1516485120,1516518240,0,242,310,11L41D2L17D4L10D37L19D26L23D39L59D21L12D26L50D7L11D137L,0,0
30,1516574580,1516602480,0,227,238,10L22D2L17D3L14D23L30D2L13D28L11D12L48D9L10D52L10D10L18D33L11D8L10D10L13D36L,0,0
31,1516659540,1516688040,0,262,213,10L47D11L13D7L54D6L15D20L17D10L39D5L14D6L10D18L24D27L18D78L11D15L,0,0
32,1516744260,1516776120,0,247,284,22L19D4L33D2L14D16L19D8L32D23L12D16L15D15L12D13L11D7L11D20L17D22L24D23L12D82L16D11L,0,0
33,1516834980,1516862340,16,234,205,11L48D9L11D5L46D19L13D2L16D10L16A18L12D2L15D8L46D6L10D50L17D65L,0,0
34,1516920780,1516946760,0,228,205,11L49D4L10D7L21D32L19D12L13D5L52D15L12D41L27D11L11D40L14D27L,0,0
35,1516954980,1516964580,0,40,120,22L15D11L25D87L,0,0
36,1517007240,1517034840,0,244,216,59L15D12L51D7L19D23L21D6L50D12L11D31L12D10L13D2L27D27L15D4L10D23L,0,0
37,1517092740,1517126100,26,185,344,90L26A10L63D16L36D11L10D38L22D14L30D20L10D67L14D78L,0,0
38,1517265060,1517288580,0,188,204,30L25D3L14D15L11D2L19D9L25D2L28D67L10D12L14D17L11D37L31D10L,0,0
39,1517354460,1517381820,0,197,259,14L19D2L19D20L32D2L16D35L10D2L59D25L12D11L17D63L13D85L,0,0
40,1517440500,1517466360,0,180,251,47L41D11L12D14L35D2L37D8L15D75L27D94L13D,0,0
41,1517527380,1517555100,0,279,183,16L24D2L58D2L18D2L16D19L10D20L82D6L16D33L12D24L23D45L20D14L,0,0
42,1517617980,1517644200,0,196,241,10L68D2L22D3L15D10L10D7L10D34L10D2L33D92L14D24L14D57L,0,0
43,1517693640,1517728860,0,306,281,45L30D11L14D16L20D2L40D2L18D2L30D7L33D2L21D8L69D62L21D46L10D78L,0,0
44,1517777220,1517812200,1,343,239,52L11D14L11D10L50D7L24D2L19D2L19D7L109D25L28D17L16D22L12D8L22D3L10D9L12D13L1A48L,0,0
45,1517866140,1517895660,0,298,194,34L29D19L38D4L10D13L12D3L28D11L28D31L26D2L26D2L72D7L29D68L,0,0
46,1517957340,1517983080,0,233,196,10L18D2L80D63L62D47L10D5L27D7L12D20L12D20L12D22L,0,0
47,1518042540,1518071520,0,215,268,23L17D11L21D11L36D4L12D13L22D8L19D33L28D7L31D77L12D7L17D74L,0,0
48,1518131040,1518152580,0,201,158,10L21D7L16D10L43D2L35D13L14D2L13D50L13D12L20D52L26D,0,0
49,1518214440,1518245040,1,288,221,10L61D2L19D2L40D1A7L53D2L14D2L28D13L46D6L12D106L15D71L,0,0
50,1518295680,1518330420,1,282,296,53L14D17L16D2L19D2L50D44L50D8L24D14L20D33L22D7L29D39L14D45L12D14L1A17L12D1L,0,0
51,1518387540,1518417000,0,213,278,29L37D9L16D13L18D4L12D7L23D21L27D7L23D49L14D4L32D96L11D39L,0,0
52,1518478740,1518501660,0,129,253,24L39D3L30D24L30D53L16D71L14D78L,0,0
53,1518558660,1518589080,22,204,280,47L22A12L35D28L25D3L20D10L18D9L54D63L10D41L10D15L22D16L10D36L,0,0
54,1518644220,1518676020,1,211,318,54L42D2L10D1A9L48D8L22D14L13D4L27D32L17D13L32D182L,0,0
55,1518730920,1518759900,0,257,226,33L42D3L17D20L38D6L10D10L21D5L14D18L19D23L16D10L28D9L21D39L16D7L15D43L,0,0
56,1518815220,1518847140,0,285,247,12L13D4L26D7L10D5L26D2L43D9L46D20L10D16L19D16L69D81L10D6L13D69L,0,0
57,1518901920,1518931140,0,251,236,33L17D10L11D11L15D2L42D15L25D26L10D2L10D34L12D16L28D11L52D36L10D5L19D35L,0,0
58,1518989040,1519019700,0,251,260,10L10D19L32D4L45D6L32D11L32D50L11D10L11D31L10D11L11D8L11D29L12D7L12D17L11D36L11D11L,0,0
59,1519078740,1519105680,0,265,184,10L50D9L74D6L44D26L40D19L47D42L10D72L,0,0
60,1519162380,1519190820,1,234,239,18L11D17L27D2L24D5L1A6L14D4L13D2L11D12L13D14L40D13L10D16L12D17L11D9L36D76L12D28L,0,0
61,1519248540,1519279200,0,302,209,18L15D8L15D2L28D26L16D7L79D5L14D4L31D23L22D9L38D71L32D12L12D24L,0,0
62,1519331040,1519365840,0,249,331,40L30D2L11D19L50D33L14D18L25D71L48D25L13D20L12D12L10D43L13D4L12D21L11D23L,0,0
63,1519423140,1519456320,0,338,215,19L36D8L51D12L30D37L11D6L32D4L23D2L53D39L33D34L14D25L20D8L18D11L17D10L,0,0
64,1519510020,1519540560,0,324,185,14L69D3L46D5L10D2L23D7L10D2L13D14L97D4L26D60L13D3L17D71L,0,0
65,1519597740,1519625100,0,279,177,11L14D9L18D2L14D2L50D12L17D3L43D2L24D26L14D10L43D45L42D55L,0,0
66,1519676520,1519711320,0,163,417,32L25D71L21D8L19D5L17D23L18D49L10D8L11D8L32D124L10D89L,0,0
67,1519769220,1519797600,0,202,271,33L13D12L30D7L25D5L33D60L33D32L14D6L17D8L26D95L11D13L,0,0
68,1519857600,1519883040,1,200,223,13L15D2L24D25L22D2L45D7L13D6L21D10L15D2L22D69L23D75L1A12L,0,0
69,1519938600,1519971060,0,239,302,12L29D12L29D11L42D26L11D2L14D8L18D51L63D2L12D73L11D24L10D81L,0,0
70,1520027400,1520056560,0,234,252,15L31D2L75D2L23D6L16D27L27D35L15D6L12D18L13D29L10D110L12D2L,0,0
71,1520115360,1520147040,0,246,282,10L53D31L79D19L19D69L23D62L28D56L28D2L16D33L,0,0
72,1520199480,1520229780,0,276,229,33L46D2L30D7L54D2L37D2L32D64L14D12L12D31L10D2L28D51L13D23L,0,0
73,1520286360,1520316180,14,262,220,17L22D14L11D11L54D12L43D6L10D2L12D14A10L10D2L32D16L10D33L38D52L10D17L10D28L,0,0
74,1520372880,1520402880,1,132,367,31L26D53L23D52L16D27L10D34L40D94L17D16L1A60L,0,0
75,1520460240,1520488380,0,185,284,22L31D38L59D17L11D3L11D23L13D46L21D44L10D19L29D72L,0,0
76,1520549160,1520575500,0,238,201,10L18D2L18D6L26D3L10D2L32D5L35D26L17D59L37D16L11D56L10D8L24D8L,0,0
77,1520637840,1520661480,1,207,186,10L32D42L71D8L23D4L1A11L12D13L13D6L42D90L14D2L,0,0
78,1520721900,1520746320,0,180,227,10L28D22L42D4L12D34L12D9L44D65L15D2L27D81L,0,0
79,1520810040,1520833200,0,232,154,24L61D2L28D12L44D8L35D19L20D12L11D23L19D21L14D33L,0,0
80,1520888280,1520918040,0,302,194,17L40D8L23D16L52D3L20D10L12D3L23D2L16D2L16D21L12D27L29D28L21D13L28D24L10D20L,0,0
81,1520976300,1521002820,0,249,193,38L41D25L13D2L61D4L17D6L15D11L12D10L14D35L19D2L18D52L30D8L9D,0,0
82,1521064680,1521092040,1,284,171,24L62D11L10D10L65D7L43D22L26D7L26D1A8L13D10L14D28L13D6L12D38L,0,0
83,1521155220,1521183240,0,325,142,14L61D13L48D14L26D3L57D2L38D21L16D22L17D2L15D13L15D7L10D3L11D25L11D3L,0,0
84,1521221640,1521225900,0,0,71,71L,0,0
85,1521257760,1521282300,0,244,165,10L83D8L32D13L19D12L13D6L13D14L10D2L25D24L15D35L34D41L,0,0
86,1521332640,1521363480,0,338,176,10L33D11L76D6L79D2L67D50L42D61L10D2L20D27L11D7L,0,0
87,1521416880,1521444180,0,275,180,12L64D2L23D13L61D31L51D33L36D8L13D67L27D14L,0,0
88,1521498840,1521530280,0,243,281,29L25D2L15D7L44D6L12D2L15D2L11D25L25D8L26D14L10D22L23D62L12D20L14D45L11D37L,0,0
89,1521584280,1521616200,0,221,311,30L14D3L26D18L14D6L28D16L22D24L13D6L14D5L25D7L14D33L17D77L10D9L12D8L12D69L,0,0
90,1521671940,1521703620,0,308,220,12L11D20L63D5L18D2L45D2L18D10L50D27L42D61L12D30L15D18L12D13L22D20L,0,0
91,1521762180,1521789300,0,267,185,18L54D5L38D12L27D6L11D2L72D59L31D13L10D12L14D29L10D29L,0,0
92,1521852720,1521881160,0,216,258,11L48D20L21D7L13D3L14D25L28D32L11D10L29D42L11D61L14D21L27D26L,0,0
93,1521930660,1521948600,0,208,91,32L11D9L14D3L55D8L41D6L26D5L17D12L13D16L31D,0,0
94,1522009920,1522044600,0,338,240,19L11D17L79D2L23D10L11D10L41D9L47D2L14D19L20D27L45D25L11D35L10D2L13D47L13D16L,0,0
95,1522072200,1522075500,0,11,44,10L11D34L,0,0
96,1522101900,1522127580,0,206,222,25L41D2L16D6L40D5L12D22L10D28L10D5L19D2L11D22L47D105L,0,0
97,1522188600,1522213200,14,95,300,11L48D9L12D56L16D69L14A28L19D127L,0,0
98,1522221780,1522225200,0,0,57,57L,0,0
99,1522273020,1522302900,0,172,326,44L28D2L17D21L11D51L23D35L12D50L10D52L11D11L15D13L30D27L15D20L,0,0
100,1522358820,1522384260,0,226,198,45L14D18L48D4L26D15L64D22L39D35L23D5L12D54L,0,0
101,1522448100,1522474740,1,264,179,31L28D3L33D1A7L31D2L17D5L27D4L14D12L10D22L20D7L39D12L17D19L11D4L17D51L,0,0
102,1522533000,1522561020,80,122,264,10L11D2L25D6L17D17L10D43L24D23L10D6L25D44L80A113L,0,0
103,1522618680,1522643760,0,159,259,19L30D3L13D66L10D22L13D7L26D4L19D50L10D30L10D30L28D28L,0,0
104,1522709640,1522731300,0,237,124,11L33D3L18D3L34D15L11D7L29D7L55D44L15D17L27D17L15D,0,0
105,1522777320,1522780800,0,42,16,16L42D,0,0
106,1522797720,1522818420,0,165,180,10L15D3L29D8L14D3L10D6L12D14L14D9L34D66L10D8L14D15L13D38L,0,0
107,1522877520,1522904400,31,228,188,10L22D2L17D12L46D11L17D5L31A10L10D32L59D52L11D15L36D37L10D2L,0,0
108,1522964400,1522998900,128,230,215,10L43D1A16L20A10L20D2L11D28L107A10L20D21L46D11L35D6L10D13L14D79L21D9L10D,0,0
109,1523050440,1523078280,41,236,185,10L32D2L32D9L23A26L58D28L18A50L20D13L17D10L26D14L16D12L10D11L25D,0,0
110,1523136540,1523162040,0,254,171,18L12D3L61D3L42D2L55D11L28D62L42D46L14D26L,0,0
111,1523218500,1523252040,61,214,283,30L17D13L10D14L16D8L40D27L15D27L15D34L61A13L19D2L61D75L10D33L11D7L,0,0
112,1523307420,1523339340,0,218,314,20L53D14L30D4L10D5L16D24L28D61L10D2L32D55L13D84L15D3L11D42L,0,0
113,1523395800,1523421300,0,299,126,11L11D2L20D2L46D7L36D16L58D11L36D2L16D8L50D38L26D29L,0,0
114,1523475480,1523509980,0,249,326,38L17D8L21D22L17D5L51D18L25D2L11D17L26D68L20D36L11D5L50D107L,0,0
115,1523567580,1523596500,0,216,266,26L76D14L36D4L14D41L39D55L19D58L32D68L,0,0
116,1523655300,1523684760,0,193,298,31L53D5L10D6L12D14L29D4L12D43L46D46L10D92L11D49L10D8L,0,0
117,1523741160,1523771580,0,239,268,20L44D2L10D3L11D10L20D3L18D7L13D8L12D28L47D5L10D21L11D3L16D83L13D67L14D8L,0,0
118,1523828460,1523856180,0,236,226,10L47D17L71D7L11D54L14D4L14D37L12D10L28D7L19D27L10D8L10D45L,0,0
119,1523914920,1523940420,0,222,203,63L48D4L14D8L64D2L14D9L11D8L48D35L11D21L12D53L,0,0
120,1524000960,1524026520,0,180,246,30L55D31L23D31L13D32L23D20L14D34L40D52L12D16L,0,0
121,1524084900,1524111960,0,230,221,41L28D7L11D4L45D2L34D19L16D12L13D9L30D25L16D13L23D88L14D1L,0,0
122,1524172200,1524199800,37,166,256,31L25D39L31D8L14D2L11D18L43D6L37A97L16D11L11D44L15D,0,0
123,1524256380,1524286500,0,226,276,30L15D4L18D2L10D11L72D41L15D2L16D32L16D2L10D2L44D22L10D128L,0,0
124,1524346140,1524373380,0,304,150,24L43D2L50D2L48D20L11D8L22D20L81D13L10D3L13D21L26D37L,0,0
125,1524415080,1524421140,0,74,27,18L25D9L49D,0,0
126,1524428820,1524460380,0,248,278,10L25D6L12D3L67D7L24D15L13D2L33D11L11D6L10D23L13D2L13D163L15D26L12D4L,0,0
127,1524518280,1524544920,0,264,180,10L55D17L52D7L19D20L51D20L12D5L42D43L21D42L12D16L,0,0
128,1524606900,1524632760,0,276,155,17L39D13L73D18L20D11L24D6L17D11L12D10L37D9L35D32L19D28L,0,0
129,1524685440,1524718740,0,281,274,22L30D27L11D7L15D2L44D2L12D2L10D42L23D5L33D10L23D20L18D36L12D41L18D9L19D16L13D33L,0,0
130,1524776520,1524804060,0,183,276,14L31D5L17D34L18D46L30D46L17D2L10D2L11D31L15D32L10D6L12D28L12D30L,0,0
131,1524857220,1524889200,109,149,274,39L10D7L106A28L35D30L2A12L25D10L10D6L40D17L1A73L29D52L,0,0
132,1524943920,1524977880,0,268,298,10L26D2L10D22L11D12L53D29L11D2L12D8L27D3L13D13L29D49L23D17L28D28L12D2L13D101L,0,0
133,1525031880,1525053540,0,192,169,35L26D14L10D10L41D44L24D17L16D7L11D2L42D2L13D38L9D,0,0
134,1525121100,1525149420,1,178,293,18L17D3L15D23L10D30L13D15L1A6L11D7L25D6L23D12L30D10L10D97L13D35L11D31L,0,0
135,1525206900,1525236120,1,245,241,37L19D5L12D13L21D5L20D10L22D15L12D2L27D4L28D17L37D86L47D20L1A27L,0,0
136,1525297500,1525322940,0,207,217,10L24D4L13D3L21D2L20D5L37D19L38D46L11D2L13D52L20D36L10D38L,0,0
137,1525381500,1525409460,0,217,249,50L14D38L17D11L27D7L14D4L68D33L16D24L10D20L21D34L10D14L20D14L,0,0
138,1525470300,1525503900,21,212,326,38L26D3L14D2L14D13L18D56L12D2L10D2L46D21L30D44L12D58L10D2L20D7L21A78L,0,0
139,1525554000,1525589880,0,200,398,18L14D6L24D32L36D68L52D54L30D68L17D109L14D16L13D27L,0,0
140,1525643580,1525673580,1,287,212,72L29D10L11D5L1A7L10D24L18D12L55D4L14D13L43D16L27D2L10D9L10D5L11D6L15D13L19D14L15D,0,0
141,1525729020,1525758000,0,284,199,11L14D3L42D7L40D3L11D7L23D28L44D11L12D23L10D13L24D8L15D45L29D40L20D,0,0
142,1525817340,1525847400,0,251,250,27L53D13L28D2L14D2L10D57L16D9L50D2L12D11L13D12L10D36L13D2L13D23L19D54L,0,0
143,1525905420,1525937760,0,268,271,17L42D9L28D2L63D19L44D36L40D3L12D139L25D40L14D6L,0,0
144,1525990320,1526022900,0,267,276,29L17D2L43D7L20D3L18D2L37D7L37D2L12D11L12D33L10D7L30D77L31D96L,0,0
145,1526081580,1526112060,0,294,214,20L52D10L51D2L29D29L13D12L14D10L26D3L28D16L11D18L15D69L10D3L17D8L28D14L,0,0
146,1526165580,1526195340,1,277,218,23L1A20L10D3L42D5L15D43L64D27L15D6L40D8L11D9L39D13L10D16L10D4L21D41L,0,0
147,1526248560,1526278920,0,288,218,32L45D7L19D4L25D3L27D35L31D2L20D27L22D16L15D17L13D24L14D8L34D5L13D7L10D31L,0,0
148,1526340360,1526361720,0,163,193,25L32D42L21D8L35D9L11D29L10D2L18D16L14D2L10D15L12D45L,0,0
149,1526418420,1526456760,3,215,421,35L1A9L1A29L36D6L15D31L44D29L12D9L48D63L1A57L10D60L11D44L39D49L,0,0
150,1526506500,1526538300,1,270,259,52L25D4L17D20L44D3L52D4L13D16L1A26L12D2L44D7L10D63L10D34L12D28L31D,0,0
151,1526589780,1526616000,0,196,241,100L27D12L11D8L49D63L11D2L17D9L37D12L10D26L34D9L,0,0
152,1526675700,1526706540,0,309,205,11L46D10L12D35L26D9L31D7L67D2L17D3L16D6L29D52L12D9L39D3L14D58L,0,0
153,1526767680,1526792100,0,229,178,24L39D2L12D9L11D3L15D11L34D14L11D15L11D8L44D18L10D11L13D13L14D31L15D19L,0,0
154,1526849460,1526876220,0,201,245,39L85D2L43D42L10D17L16D7L13D63L34D75L,0,0
155,1526932740,1526964000,0,216,305,23L32D11L25D7L16D2L46D10L16D19L27D64L54D169L,0,0
156,1527027900,1527052140,0,211,193,18L17D26L34D2L66D2L11D8L15D9L21D16L13D26L10D46L24D40L,0,0
157,1527111480,1527137760,0,236,202,10L74D66L73D4L19D22L42D18L17D21L11D61L,0,0
158,1527196680,1527228000,0,257,265,25L62D30L36D3L42D35L11D36L22D23L13D53L13D43L46D4L12D13L,0,0
159,1527281220,1527313380,0,243,293,17L12D39L11D16L68D5L14D27L26D40L10D12L11D2L29D42L10D10L10D60L42D23L,0,0
160,1527371940,1527399780,0,202,262,16L39D15L29D7L31D38L20D2L11D42L40D25L11D33L11D81L10D3L,0,0
161,1527455700,1527487020,0,242,280,10L19D5L14D10L15D21L22D2L13D5L14D3L11D5L40D20L16D31L10D8L12D55L23D28L18D67L15D10L,0,0
162,1527540840,1527571020,1,172,330,33L28D10L1A4L13D19L37D53L16D52L11D17L30D4L15D83L22D55L,0,0
163,1527625680,1527655380,0,203,292,35L18D8L43D51L14D15L55D2L12D40L12D37L13D20L12D29L24D55L,0,0
164,1527713520,1527744840,22,227,272,12L56D5L15D12L30D17L10D8L10D3L15D33L12D8L52D48L22A73L17D11L10D42L,0,0
165,1527801000,1527828240,0,230,224,39L13D2L43D29L29D3L21D2L11D4L11D66L14D2L40D34L12D22L23D7L13D14L,0,0
166,1527888420,1527917160,0,228,251,10L40D2L16D8L58D23L11D7L22D69L35D76L17D42L29D14L,0,0
167,1527995220,1528004880,0,88,73,27L38D29L50D17L,0,0
168,1528031400,1528043400,0,137,63,10L60D36L51D17L26D,0,0
169,1528065840,1528091220,0,218,205,10L12D23L32D6L34D14L11D7L20D2L28D12L13D11L44D59L13D17L11D44L,0,0
170,1528148400,1528176300,0,219,246,29L57D6L55D47L16D2L13D7L11D37L20D12L26D49L10D11L11D46L,0,0
171,1528232280,1528260180,0,260,205,34L26D11L32D3L12D2L77D14L11D15L16D32L12D9L28D18L14D6L15D36L17D25L,0,0
172,1528321920,1528350840,0,313,169,10L23D5L19D2L35D2L27D2L62D21L11D4L21D11L32D3L11D8L10D26L12D8L12D7L22D41L16D19L,0,0
173,1528406280,1528434420,0,233,236,10L30D4L20D2L16D17L26D80L41D32L19D14L18D8L19D13L34D8L10D48L,0,0
174,1528491960,1528523340,0,316,207,18L93D11L16D5L10D24L69D11L12D16L32D2L18D2L28D21L13D21L14D73L11D3L,0,0
175,1528578720,1528613760,1,340,243,10L61D11L22D2L25D2L23D2L14D26L42D7L10D9L12D20L13D15L27D37L12D24L1A6L16D38L11D5L15D11L27D8L10D10L,0,0
176,1528665360,1528696680,0,237,285,58L36D11L26D6L28D12L42D7L13D5L53D85L13D58L26D43L,0,0
177,1528750920,1528781460,0,252,257,20L39D32L13D10L28D22L19D18L27D15L16D26L14D7L23D8L11D10L10D6L13D10L14D30L11D43L14D,0,0
178,1528837380,1528866780,0,241,249,49L47D2L23D14L11D2L44D9L17D23L11D20L10D4L10D2L47D30L11D75L10D19L,0,0
179,1528929900,1528957380,0,203,255,10L52D29L19D9L20D31L39D9L10D36L16D25L10D8L25D63L12D35L,0,0
180,1529010240,1529040600,0,190,316,19L72D18L52D70L13D64L41D128L12D17L,0,0
181,1529099700,1529118300,0,173,137,10L38D25L20D20L34D3L11D8L12D13L10D3L13D23L18D24L17D8L,0,0
182,1529188620,1529213400,0,267,146,10L17D2L37D10L27D7L34D2L65D27L11D7L17D13L12D30L30D32L17D6L,0,0
183,1529267880,1529298240,0,289,217,10L33D27L14D2L36D45L21D6L25D14L44D9L30D39L19D6L22D5L23D51L22D3L,0,0
184,1529354340,1529383920,0,244,249,13L36D12L14D18L63D3L33D6L12D20L22D27L15D16L18D7L21D123L10D4L,0,0
185,1529443920,1529469000,1,198,219,10L17D4L18D19L12D8L15D15L11D21L13D14L41D63L10D8L1A17L28D14L33D26L,0,0
186,1529507220,1529517120,0,129,36,20L97D2L32D14L,0,0
187,1529528220,1529555400,28,237,187,20L69D3L14D17L28A11L19D5L13D51L41D25L19D27L25D2L27D5L10D21L,0,0
188,1529613000,1529643000,0,263,237,11L16D6L29D6L16D7L15D2L22D16L13D17L28D11L25D9L13D18L15D47L35D6L15D23L11D51L10D7L,0,0
189,1529700480,1529730120,0,289,205,15L20D7L34D2L48D15L11D12L14D7L29D10L10D8L14D7L14D12L13D4L52D30L11D69L19D7L,0,0
190,1529785140,1529818380,1,316,237,10L10D7L75D7L26D2L11D2L10D8L38D26L10D6L11D12L33D9L12D2L12D36L40D40L18D19L10D30L1A21L,0,0
191,1529869800,1529902680,0,267,281,36L29D14L57D8L29D17L27D10L23D9L38D2L11D73L10D75L11D2L22D34L10D1L,0,0
192,1529956860,1529989920,0,190,361,43L42D14L40D50L20D9L12D12L12D36L41D61L10D16L13D120L,0,0
193,1530045660,1530071460,0,184,246,24L35D25L48D8L16D4L21D14L13D9L10D37L31D68L10D57L,0,0
194,1530117600,1530121260,1,38,22,10L38D4L1A8L,0,0
195,1530129780,1530153780,0,270,130,10L21D2L23D4L18D7L107D10L23D20L51D52L27D25L,0,0
196,1530217200,1530238380,0,179,174,10L11D2L14D6L59D17L13D25L12D11L12D26L10D16L31D61L17D,0,0
197,1530312120,1530339840,0,222,240,23L14D6L19D5L39D3L32D12L31D39L18D8L15D40L10D8L15D52L18D44L11D,0,0
198,1530390660,1530420000,14,272,202,33L53D7L15D8L67D23L34D40L24D14L15D2L21D14A23L21D17L22D35L,0,0
199,1530479040,1530507480,0,241,233,34L113D2L15D11L17D11L44D51L29D29L10D28L13D67L,0,0
200,1530563040,1530594420,0,224,299,10L43D2L13D18L12D12L47D39L19D9L31D41L19D5L11D87L17D63L12D13L,0,0
201,1530649080,1530680700,0,254,273,12L32D3L23D31L24D4L15D6L61D38L13D16L10D11L12D29L22D2L29D54L13D67L,0,0
202,1530741240,1530771900,0,229,282,10L38D2L28D8L34D7L12D19L11D7L29D39L10D7L10D11L22D70L12D65L13D16L10D21L,0,0
203,1530822480,1530851400,0,222,260,35L22D2L11D5L26D7L10D18L17D15L11D13L17D7L56D14L17D14L10D9L12D26L13D95L,0,0
204,1530909060,1530941280,0,261,276,34L47D2L12D9L43D2L13D31L29D24L23D5L48D14L11D43L14D73L11D8L10D31L,0,0
205,1530997140,1531027380,1,288,215,11L12D2L11D1A17L64D18L15D3L27D3L19D29L47D5L12D16L31D21L11D38L22D16L17D36L,0,0
206,1531081020,1531111620,0,344,166,13L31D10L109D14L49D2L19D7L31D8L18D12L42D13L10D3L18D2L17D82L,0,0
207,1531169820,1531197000,0,295,158,10L77D17L24D39L15D3L47D19L38D2L16D25L27D17L13D7L38D19L,0,0
208,1531254540,1531284420,0,243,255,34L39D3L24D2L40D5L22D35L39D7L17D14L10D28L13D40L21D2L18D85L,0,0
209,1531347660,1531370940,0,258,130,10L14D2L30D14L19D11L23D8L30D2L37D6L72D29L13D13L20D35L,0,0
210,1531385400,1531388520,0,33,19,10L33D9L,0,0
211,1531433880,1531457760,0,251,147,10L16D2L77D5L24D8L11D36L22D5L16D8L17D6L22D4L10D27L14D14L22D22L,0,0
212,1531518480,1531544520,0,276,158,10L20D6L15D12L61D9L33D15L33D11L52D15L38D58L24D22L,0,0
213,1531598940,1531626540,0,298,162,30L23D6L21D6L16D7L10D9L16D2L49D2L14D45L12D14L92D6L25D4L20D31L,0,0
214,1531686840,1531717140,0,319,186,36L61D2L11D3L52D26L40D2L25D15L16D2L57D12L33D78L24D10L,0,0
215,1531774200,1531804140,0,318,181,17L41D7L19D28L20D17L10D3L30D11L43D15L17D2L10D11L48D6L12D13L15D21L20D4L10D2L10D10L13D14L,0,0
216,1531858380,1531891080,0,286,259,10L39D6L20D9L99D11L10D2L17D25L29D30L12D7L32D131L15D15L13D13L,0,0
217,1531945680,1531974480,0,249,231,10L16D13L22D9L16D10L15D5L12D8L32D36L10D4L28D5L24D4L10D8L22D7L15D50L27D62L,0,0
218,1532034720,1532063340,1,223,253,10L39D6L59D9L29D19L11D14L23D2L10D30L32D18L10D9L10D43L1A93L,0,0
219,1532116920,1532150520,2,365,193,10L13D14L160D6L23D2L18D14L22D2L51D15L21D25L2A27L21D13L14D7L10D10L12D48L,0,0
220,1532206200,1532234520,1,286,185,13L41D2L17D12L44D6L1A6L14D13L14D4L16D13L64D11L13D31L13D3L19D8L13D32L18D31L,0,0
221,1532290080,1532317440,0,233,223,15L39D32L15D19L24D9L55D9L19D26L13D32L55D19L13D62L,0,0
222,1532374620,1532408640,1,253,313,11L11D5L1A8L17D6L23D4L13D21L40D37L15D35L28D7L12D6L24D14L14D8L10D9L15D15L21D77L10D50L,0,0
223,1532471280,1532493300,0,175,192,10L49D9L16D2L36D11L27D20L13D16L11D34L10D13L13D77L,0,0
224,1532549760,1532582100,38,218,282,11L12D3L20D21L36D8L27D12L12D19L11D8L10D3L38A28L13D12L77D157L,0,0
225,1532634720,1532666220,23,242,259,54L23A31L16D2L23D6L20D6L75D2L38D2L10D50L40D41L10D42L10D23L,0,0
226,1532728200,1532747400,1,223,96,15L58D3L16D2L26D1A5L10D2L14D2L23D13L13D37L63D17L,0,0
227,1532815140,1532837580,0,188,186,10L41D15L40D9L13D20L35D2L15D9L18D25L26D96L,0,0
228,1532892480,1532926200,0,412,150,20L70D14L70D5L13D9L10D9L26D6L104D17L44D2L19D8L13D14L12D31L31D15L,0,0
229,1532983800,1533012780,0,208,275,13L54D7L15D3L36D8L18D21L24D16L20D37L31D76L10D94L,0,0
230,1533070140,1533101040,0,300,215,14L22D2L16D16L10D8L21D2L39D2L18D7L23D3L26D23L25D28L25D20L12D50L20D18L22D3L10D19L11D,0,0
231,1533156420,1533187620,0,271,249,16L20D9L13D7L13D19L10D2L29D5L21D9L45D7L11D35L10D8L12D15L35D25L11D2L30D53L11D37L,0,0
232,1533240180,1533268800,0,240,237,10L42D40L103D3L29D6L10D58L46D16L10D104L,0,0
233,1533328800,1533362520,1,243,318,32L20D12L37D2L11D2L58D34L32D28L11D38L14D63L1A25L24D60L24D22L12D,0,0
234,1533412860,1533447060,0,256,314,62L47D7L13D10L20D2L23D4L30D41L42D5L10D32L10D8L41D108L10D2L10D33L,0,0
235,1533499800,1533523320,28,167,196,29L23D13L12D7L64D13L11D6L11D2L24D41L28A39L11D35L11D11L,0,0
236,1533591720,1533617340,0,200,227,10L49D45L13D12L12D2L10D3L43D20L25D30L13D73L25D25L10D7L,0,0
237,1533672960,1533704460,0,266,259,10L36D10L10D5L10D11L73D10L11D38L45D2L38D4L12D15L10D70L11D82L10D2L,0,0
238,1533762540,1533791700,0,288,198,24L10D2L96D6L36D2L24D15L18D2L61D69L14D28L12D5L17D45L,0,0
239,1533849420,1533875580,0,249,187,30L45D21L12D7L16D4L53D5L13D24L35D4L27D12L38D34L10D46L,0,0
240,1533936180,1533966480,0,274,231,27L21D7L26D2L56D2L12D2L11D35L93D2L15D76L15D15L13D42L12D21L,0,0
241,1534020720,1534050120,0,332,158,43L50D6L11D10L65D28L14D2L87D6L13D8L10D3L15D16L26D35L41D1L,0,0
242,1534105680,1534138620,0,303,246,10L18D19L50D12L20D17L20D7L16D2L55D7L11D63L38D18L29D68L35D10L11D13L,0,0
243,1534195980,1534223100,0,210,242,32L79D39L12D22L58D25L17D12L20D37L13D49L11D26L,0,0
244,1534249500,1534252200,0,35,10,10L35D,0,0
245,1534275900,1534303380,1,233,224,10L64D48L13D2L21D28L31D19L12D12L1A8L14D13L17D15L12D24L17D7L11D15L21D23L,0,1
246,1534319580,1534322520,0,37,12,10L25D2L12D,1,0
247,1534376340,1534401480,0,202,217,10L13D7L38D9L52D7L14D24L18D15L13D30L14D10L12D30L11D14L17D61L,0,0
248,1534453020,1534481760,0,238,241,10L15D22L36D11L22D8L43D15L10D20L12D13L38D8L28D18L18D67L16D49L,0,0
249,1534545420,1534565280,0,235,96,21L61D2L16D10L18D2L14D9L50D23L13D2L26D16L12D11L25D,0,0
250,1534625100,1534655880,0,320,193,18L27D10L14D4L14D12L30D16L14D6L32D13L14D2L10D23L28D5L43D3L15D20L35D2L14D27L11D25L19D7L,0,0
251,1534711080,1534744080,0,231,319,10L10D5L32D28L69D6L33D32L25D45L27D5L10D107L10D17L15D64L,0,0
252,1534798920,1534828860,0,272,227,12L51D8L25D2L15D11L37D55L10D2L13D6L32D7L47D55L16D54L10D9L16D6L,0,0
253,1534885380,1534913400,0,243,224,10L57D8L48D8L10D23L17D17L51D17L13D2L18D28L11D36L18D75L,0,1
254,1534969800,1535004300,0,269,306,10L22D10L43D3L26D36L10D17L89D17L10D39L10D13L28D15L10D113L10D26L11D7L,0,1
255,1535058840,1535080920,18,40,309,37L17D172L10D39L18A31L13D30L,0,0
256,1535140740,1535166480,0,307,122,20L38D6L69D4L51D3L37D10L10D8L38D4L26D2L13D36L10D6L15D23L,0,0
257,1535231040,1535258340,0,350,105,10L35D17L14D2L14D4L55D22L46D17L18D21L62D5L35D2L41D2L30D3L,0,0
258,1535320320,1535345460,0,208,211,10L66D3L43D43L15D12L12D17L12D4L10D29L10D20L19D66L10D7L11D,0,0
259,1535403360,1535431740,0,224,249,20L15D2L39D6L13D8L17D9L25D5L24D10L14D43L18D46L27D20L10D27L10D52L12D1L,0,0
260,1535488020,1535517180,0,245,241,10L15D11L21D32L32D11L10D17L17D15L11D13L14D15L32D55L11D2L39D46L17D5L26D9L,0,0
261,1535571660,1535603940,0,257,281,15L60D13L74D31L18D5L37D59L24D70L10D11L22D41L12D36L,0,1
262,1535662140,1535691300,15,227,243,26L18D2L59D22L12D16L28D25L15A33L14D38L19D17L11D15L33D7L33D42L,0,0
263,1535745420,1535777760,0,261,278,28L20D18L30D10L38D31L50D28L16D2L28D17L22D35L16D21L17D9L13D36L11D43L,0,0
264,1535837580,1535869500,0,174,358,11L16D11L22D8L11D145L18D2L16D58L16D24L11D12L13D48L11D18L28D21L12D,0,0
265,1535923380,1535954340,0,224,292,24L14D2L39D11L40D4L34D67L13D15L29D17L12D2L12D86L11D43L20D21L,0,0
266,1536011520,1536040320,0,282,198,11L27D2L64D2L10D2L16D13L28D9L52D28L12D82L15D5L17D13L15D20L14D6L12D5L,0,0
267,1536096720,1536127260,0,230,279,31L30D6L10D10L30D7L74D53L10D6L17D27L10D14L33D83L16D42L,0,0
268,1536185340,1536213900,0,224,252,28L49D33L46D16L12D21L37D26L12D7L13D7L14D8L31D78L10D28L,0,0
269,1536271500,1536300000,0,212,263,10L40D10L11D39L30D3L23D4L13D21L12D14L11D42L23D4L20D89L11D7L18D20L,0,1
270,1536361860,1536394080,2,243,292,21L2A12L35D2L12D12L59D7L12D29L11D9L34D29L10D19L12D22L10D36L11D29L12D28L25D37L,0,0
271,1536442620,1536474960,0,316,223,26L70D12L32D4L23D8L31D3L10D9L16D11L12D17L37D11L10D27L11D11L10D49L24D8L14D2L16D25L,0,0
272,1536532500,1536558840,0,252,187,12L20D5L25D10L16D7L39D42L30D11L10D20L13D8L32D10L16D24L39D24L12D14L,0,1
273,1536612660,1536645540,0,266,282,25L16D11L19D6L40D11L29D30L14D9L55D13L11D19L16D2L11D34L12D33L26D70L17D19L,0,0
274,1536700980,1536731940,0,224,292,14L53D28L28D6L18D32L20D40L29D5L19D53L22D56L25D58L10D,0,1
275,1536790500,1536818460,0,272,194,10L43D2L18D2L15D2L18D2L23D67L11D2L15D11L38D7L36D14L12D7L11D14L32D54L,0,1
276,1536872340,1536904740,0,188,352,39L24D21L10D7L33D56L17D2L32D16L12D16L16D17L18D42L10D114L16D22L,0,0
277,1536960900,1536994020,0,309,243,11L70D10L51D3L65D25L26D26L16D39L32D57L14D50L24D17L11D5L,0,0
278,1537049760,1537078380,0,259,218,35L99D29L58D12L19D27L27D46L33D9L11D39L12D21L,0,0
279,1537136280,1537163700,0,271,186,12L42D8L35D2L17D2L24D6L22D6L34D8L14D5L12D12L21D4L10D6L16D11L14D41L10D63L,0,0
280,1537219320,1537250460,0,242,277,58L16D7L30D16L37D2L17D27L16D4L37D111L15D10L11D2L11D17L19D10L11D6L12D7L10D,0,0
281,1537302360,1537333320,1,226,289,56L13D3L13D32L1A7L20D22L16D9L38D2L37D9L21D11L17D35L17D3L24D2L10D98L,0,0
282,1537393020,1537423200,0,249,254,26L32D2L35D9L37D5L16D8L31D6L14D32L41D17L16D90L12D37L15D22L,0,0
283,1537484640,1537509600,0,178,238,10L29D18L47D20L25D4L15D25L14D28L21D8L14D69L13D56L,0,0
284,1537567500,1537601520,2,363,202,22L1A26L1A14L37D3L11D12L90D10L70D20L41D24L10D9L35D15L15D32L18D7L15D4L12D4L9D,0,0
285,1537653720,1537683120,0,253,237,25L37D6L24D2L14D22L10D3L75D14L14D24L11D44L12D6L10D10L23D47L10D25L13D9L,0,0
286,1537742760,1537768620,0,273,158,24L43D2L86D6L31D16L34D12L22D33L45D54L12D11L,0,1
287,1537827900,1537854780,0,293,155,10L141D3L12D3L12D17L22D2L34D15L11D2L18D43L43D60L,0,0
288,1537912980,1537941540,0,206,270,17L32D23L12D38L39D2L11D2L20D4L11D13L16D23L12D23L43D34L10D91L,0,1
289,1538000100,1538027340,0,243,211,38L10D2L19D12L46D11L17D16L13D14L28D7L12D13L10D23L44D51L11D7L33D17L,0,1
290,1538086320,1538114280,0,224,242,23L38D7L20D11L20D4L17D14L47D7L27D24L11D10L18D9L14D59L12D74L,0,0
